chave,algoritmo,codigo_abordagem,abordagem,n_features,f1_treino,f1_validacao,acuracia_validacao,gap_treino_val,acuracia,precision,recall,f1_macro,tempo_treino_notebook_ms,tempo_pred_notebook_ms,tempo_treino_ms,tempo_treino_desvio_ms,tempo_pred_ms,tempo_pred_desvio_ms,tempo_extracao_pred_ms,tempo_extracao_pred_desvio_ms
knn,k-NN,abordagem_1,A1 (tabuleiro),9,0.8286721893372948,0.6515716374269007,0.717391304347826,0.1771005519103941,0.6559139784946236,0.5625,0.5083333333333333,0.517361111111111,0.7232769497932168,1.0009043000536622,0.704266600223491,0.0622682178918821,0.9782834000361618,0.02331956628230725,1.23311255047156,0.04923191208140712
knn,k-NN,abordagem_2,A2 (características),15,0.9475162601648276,0.8861302096596214,0.8586956521739131,0.06138605050520618,0.8817204301075269,0.9080234468339308,0.9083333333333332,0.9073334446640132,1.3009166501433356,1.128320699899632,1.2621458998182788,0.048615122325623636,1.0915229000602267,0.01375751571846792,1.9278625999504584,0.049853162613126056
arvore,Árvore de decisão,abordagem_1,A1 (tabuleiro),9,0.9463695947156864,0.5193078108332345,0.6739130434782609,0.42706178388245186,0.6666666666666666,0.5091056034482758,0.5166666666666667,0.5126298523783488,1.1817374996098806,0.2277460000186693,1.1578793497392326,0.03537116664028711,0.2286979504788178,0.005178364775102292,0.4403167502459837,0.009290730433256067
arvore,Árvore de decisão,abordagem_2,A2 (características),15,0.9801462315158264,0.94853270609319,0.9347826086956522,0.0316135254226364,0.9032258064516128,0.9248271889400922,0.925,0.9245336348219332,1.079839599879051,0.247535550079192,1.0535646499192808,0.023806707810034595,0.2453292501741089,0.004059227915408514,1.048360250206315,0.013319064118716424
random_forest,Random Forest,abordagem_1,A1 (tabuleiro),9,0.9928369552004552,0.7673274094326725,0.7608695652173914,0.2255095457677827,0.7526881720430108,0.6913314176245211,0.7333333333333333,0.7056175149395489,131.32397290009976,6.065779150048911,139.05232080032874,47.05671429667401,6.32708544981142,0.27065408677615277,6.51380209983472,0.17611227873653706
random_forest,Random Forest,abordagem_2,A2 (características),15,0.9856048053024028,0.9396858467156702,0.9239130434782608,0.04591895858673256,0.9032258064516128,0.92509520609319,0.925,0.924169890617607,6.838512449940026,0.5814791496959515,6.821643700095592,0.2256861979273135,0.6722793497829116,0.10840356988045353,1.5838602996154805,0.23191561596590032
mlp,MLP,abordagem_1,A1 (tabuleiro),9,1.0,0.8087339743589743,0.8586956521739131,0.19126602564102568,0.8494623655913979,0.7223739495798319,0.7333333333333334,0.7165728021978022,1143.2837834499992,1.0069644500049435,1141.2348418001784,68.09913021860652,0.38738754992664326,0.018024207385823977,0.6304499500402017,0.07705318036596635
mlp,MLP,abordagem_2,A2 (características),15,0.9910313191307102,0.949020737327189,0.9347826086956522,0.04201058180352124,0.913978494623656,0.9328917050691244,0.9333333333333332,0.9327303561334086,1098.6068144999876,0.4412874999843552,1064.885108350245,66.29789749581836,0.4482083500988665,0.04493176288336211,1.299162450231961,0.10630109635073134
svm,SVM,abordagem_1,A1 (tabuleiro),9,0.9236001162030648,0.7467740060451058,0.8369565217391305,0.17682611015795902,0.8387096774193549,0.8227926587301587,0.875,0.836748482384156,22.30090425000526,1.379395850040055,14.327191650227178,0.1648577315465345,1.326639599938062,0.02769876062718415,1.5623792001861148,0.042240881244024676
svm,SVM,abordagem_2,A2 (características),15,0.9636500846790164,0.94853270609319,0.9347826086956522,0.015117378585826402,0.946236559139785,0.9625237191650854,0.9583333333333334,0.9575493666169896,3.8534750000053464,0.5119541499425395,2.8070876498532016,0.04198740093709804,0.5338979995940463,0.06355337322996596,1.376189649636217,0.09903959234332275
