id_tabuleiro,superior_esquerda,superior_centro,superior_direita,meio_esquerda,meio_centro,meio_direita,inferior_esquerda,inferior_centro,inferior_direita,estado,origem,n_jogadas
oobxbxbbx,o,o,b,x,b,x,b,b,x,Tem jogo,gerado,5
boxbxbxob,b,o,x,b,x,b,x,o,b,Jogador X venceu,UCI,5
oxbxobxbo,o,x,b,x,o,b,x,b,o,Jogador O venceu,UCI,6
xobbbobxx,x,o,b,b,b,o,b,x,x,Tem jogo,gerado,5
oxxobxobb,o,x,x,o,b,x,o,b,b,Jogador O venceu,UCI,6
ooxbbxbbb,o,o,x,b,b,x,b,b,b,Tem jogo,gerado,4
xxoooxoxb,x,x,o,o,o,x,o,x,b,Jogador O venceu,UCI,8
xxoxoxoob,x,x,o,x,o,x,o,o,b,Jogador O venceu,UCI,8
xxxoobobx,x,x,x,o,o,b,o,b,x,Jogador X venceu,UCI,7
xxoboxxoo,x,x,o,b,o,x,x,o,o,Tem jogo,gerado,8
xxbbbboob,x,x,b,b,b,b,o,o,b,Tem jogo,gerado,4
oxxooobxx,o,x,x,o,o,o,b,x,x,Jogador O venceu,UCI,8
bxoooxoxx,b,x,o,o,o,x,o,x,x,Jogador O venceu,UCI,8
ooobxxxbb,o,o,o,b,x,x,x,b,b,Jogador O venceu,UCI,6
bxoboxobx,b,x,o,b,o,x,o,b,x,Jogador O venceu,UCI,6
obbxobxxo,o,b,b,x,o,b,x,x,o,Jogador O venceu,UCI,6
obbxxobxo,o,b,b,x,x,o,b,x,o,Tem jogo,gerado,6
oxxoxbxbo,o,x,x,o,x,b,x,b,o,Jogador X venceu,UCI,7
xboboxxbo,x,b,o,b,o,x,x,b,o,Tem jogo,gerado,6
oxbxobbxo,o,x,b,x,o,b,b,x,o,Jogador O venceu,UCI,6
ooxxxoxox,o,o,x,x,x,o,x,o,x,Jogador X venceu,UCI,9
oxxoooxbx,o,x,x,o,o,o,x,b,x,Jogador O venceu,UCI,8
boxboxoxx,b,o,x,b,o,x,o,x,x,Jogador X venceu,UCI,7
bbobobxxx,b,b,o,b,o,b,x,x,x,Jogador X venceu,UCI,5
xxxoobbbb,x,x,x,o,o,b,b,b,b,Jogador X venceu,UCI,5
oxxxxbooo,o,x,x,x,x,b,o,o,o,Jogador O venceu,UCI,8
ooobxxbbx,o,o,o,b,x,x,b,b,x,Jogador O venceu,UCI,6
bbxobboxb,b,b,x,o,b,b,o,x,b,Tem jogo,gerado,4
oboxxoxbx,o,b,o,x,x,o,x,b,x,Tem jogo,gerado,7
bxxxobboo,b,x,x,x,o,b,b,o,o,Tem jogo,gerado,6
xxxbbboob,x,x,x,b,b,b,o,o,b,Jogador X venceu,UCI,5
oxxbooxxo,o,x,x,b,o,o,x,x,o,Jogador O venceu,UCI,8
xxooooxbx,x,x,o,o,o,o,x,b,x,Jogador O venceu,UCI,8
oooxbxxox,o,o,o,x,b,x,x,o,x,Jogador O venceu,UCI,8
oxbbxoxxo,o,x,b,b,x,o,x,x,o,Jogador X venceu,UCI,7
bxboooxxb,b,x,b,o,o,o,x,x,b,Jogador O venceu,UCI,6
xoxxxbooo,x,o,x,x,x,b,o,o,o,Jogador O venceu,UCI,8
xxooxobxb,x,x,o,o,x,o,b,x,b,Jogador X venceu,UCI,7
boxxbxboo,b,o,x,x,b,x,b,o,o,Tem jogo,gerado,6
bobxbxbbo,b,o,b,x,b,x,b,b,o,Tem jogo,gerado,4
bxxbxbooo,b,x,x,b,x,b,o,o,o,Jogador O venceu,UCI,6
bbboxoxxo,b,b,b,o,x,o,x,x,o,Tem jogo,gerado,6
booboxbxx,b,o,o,b,o,x,b,x,x,Tem jogo,gerado,6
xoxxxooox,x,o,x,x,x,o,o,o,x,Jogador X venceu,UCI,9
xbxoxoobx,x,b,x,o,x,o,o,b,x,Jogador X venceu,UCI,7
xobxobbox,x,o,b,x,o,b,b,o,x,Jogador O venceu,UCI,6
xoobxobxx,x,o,o,b,x,o,b,x,x,Jogador X venceu,UCI,7
oxxbxxooo,o,x,x,b,x,x,o,o,o,Jogador O venceu,UCI,8
xbobobxxb,x,b,o,b,o,b,x,x,b,Tem jogo,gerado,5
xboxooxbx,x,b,o,x,o,o,x,b,x,Jogador X venceu,UCI,7
oxobxbxxo,o,x,o,b,x,b,x,x,o,Jogador X venceu,UCI,7
xxoxooxbb,x,x,o,x,o,o,x,b,b,Jogador X venceu,UCI,7
bxxooobxb,b,x,x,o,o,o,b,x,b,Jogador O venceu,UCI,6
bxxoboxbb,b,x,x,o,b,o,x,b,b,Tem jogo,gerado,5
bxbxbxooo,b,x,b,x,b,x,o,o,o,Jogador O venceu,UCI,6
oxoooxxxx,o,x,o,o,o,x,x,x,x,Jogador X venceu,UCI,9
xooxoboxx,x,o,o,x,o,b,o,x,x,Jogador O venceu,UCI,8
xxboobobx,x,x,b,o,o,b,o,b,x,Tem jogo,gerado,6
bbxobxxbo,b,b,x,o,b,x,x,b,o,Tem jogo,gerado,5
oobxxxbbb,o,o,b,x,x,x,b,b,b,Jogador X venceu,UCI,5
bxxbxoxoo,b,x,x,b,x,o,x,o,o,Jogador X venceu,UCI,7
obbxoobxx,o,b,b,x,o,o,b,x,x,Tem jogo,gerado,6
xbbbxxooo,x,b,b,b,x,x,o,o,o,Jogador O venceu,UCI,6
xoxxbooxo,x,o,x,x,b,o,o,x,o,Tem jogo,gerado,8
oxoxxxoox,o,x,o,x,x,x,o,o,x,Jogador X venceu,UCI,9
bxoxxxobo,b,x,o,x,x,x,o,b,o,Jogador X venceu,UCI,7
oxbxobxox,o,x,b,x,o,b,x,o,x,Tem jogo,gerado,7
xobxbbxob,x,o,b,x,b,b,x,o,b,Jogador X venceu,UCI,5
xboxxobbo,x,b,o,x,x,o,b,b,o,Jogador O venceu,UCI,6
xoobbxxob,x,o,o,b,b,x,x,o,b,Tem jogo,gerado,6
oboxoxoxx,o,b,o,x,o,x,o,x,x,Jogador O venceu,UCI,8
oxoxxxbob,o,x,o,x,x,x,b,o,b,Jogador X venceu,UCI,7
bxooobxxx,b,x,o,o,o,b,x,x,x,Jogador X venceu,UCI,7
boxobbbbx,b,o,x,o,b,b,b,b,x,Tem jogo,gerado,4
boxxbbbbo,b,o,x,x,b,b,b,b,o,Tem jogo,gerado,4
xxobbbobb,x,x,o,b,b,b,o,b,b,Tem jogo,gerado,4
ooxxoxbxo,o,o,x,x,o,x,b,x,o,Jogador O venceu,UCI,8
bbxxboobx,b,b,x,x,b,o,o,b,x,Tem jogo,gerado,5
xbbxooxxo,x,b,b,x,o,o,x,x,o,Jogador X venceu,UCI,7
bobxobxox,b,o,b,x,o,b,x,o,x,Jogador O venceu,UCI,6
oxbxobbbx,o,x,b,x,o,b,b,b,x,Tem jogo,gerado,5
obbxxxbob,o,b,b,x,x,x,b,o,b,Jogador X venceu,UCI,5
oxxoxbobb,o,x,x,o,x,b,o,b,b,Jogador O venceu,UCI,6
bxobxbbbb,b,x,o,b,x,b,b,b,b,Tem jogo,gerado,3
obxbxoxxo,o,b,x,b,x,o,x,x,o,Jogador X venceu,UCI,7
oxxxoooxx,o,x,x,x,o,o,o,x,x,Empate,UCI,9
obxxxobbo,o,b,x,x,x,o,b,b,o,Tem jogo,gerado,6
xbxoxoxbo,x,b,x,o,x,o,x,b,o,Jogador X venceu,UCI,7
oxbxbbbbo,o,x,b,x,b,b,b,b,o,Tem jogo,gerado,4
bbxbooxbx,b,b,x,b,o,o,x,b,x,Tem jogo,gerado,5
xbbbxboox,x,b,b,b,x,b,o,o,x,Jogador X venceu,UCI,5
xxxxooxoo,x,x,x,x,o,o,x,o,o,Jogador X venceu,UCI,9
bbxoooxbx,b,b,x,o,o,o,x,b,x,Jogador O venceu,UCI,6
xoboxxobb,x,o,b,o,x,x,o,b,b,Tem jogo,gerado,6
oxoxxoxox,o,x,o,x,x,o,x,o,x,Empate,UCI,9
xxxxbooob,x,x,x,x,b,o,o,o,b,Jogador X venceu,UCI,7
xobbxbbox,x,o,b,b,x,b,b,o,x,Jogador X venceu,UCI,5
bbbxxbobb,b,b,b,x,x,b,o,b,b,Tem jogo,gerado,3
xbxbxbooo,x,b,x,b,x,b,o,o,o,Jogador O venceu,UCI,6
xobbbxxoo,x,o,b,b,b,x,x,o,o,Tem jogo,gerado,6
bxxxoxooo,b,x,x,x,o,x,o,o,o,Jogador O venceu,UCI,8
boxboxxob,b,o,x,b,o,x,x,o,b,Jogador O venceu,UCI,6
xxoxobxob,x,x,o,x,o,b,x,o,b,Jogador X venceu,UCI,7
bxxooxobx,b,x,x,o,o,x,o,b,x,Jogador X venceu,UCI,7
obbobxoxx,o,b,b,o,b,x,o,x,x,Jogador O venceu,UCI,6
oxxboxxoo,o,x,x,b,o,x,x,o,o,Jogador O venceu,UCI,8
xoxxxooxo,x,o,x,x,x,o,o,x,o,Empate,UCI,9
xbbxxbooo,x,b,b,x,x,b,o,o,o,Jogador O venceu,UCI,6
xboxxxoob,x,b,o,x,x,x,o,o,b,Jogador X venceu,UCI,7
obxxxbxoo,o,b,x,x,x,b,x,o,o,Jogador X venceu,UCI,7
bxoxxbboo,b,x,o,x,x,b,b,o,o,Tem jogo,gerado,6
xxxobbbbo,x,x,x,o,b,b,b,b,o,Jogador X venceu,UCI,5
bbbxbxxoo,b,b,b,x,b,x,x,o,o,Tem jogo,gerado,5
bxxxboobb,b,x,x,x,b,o,o,b,b,Tem jogo,gerado,5
xxxxoooox,x,x,x,x,o,o,o,o,x,Jogador X venceu,UCI,9
bxxooxbox,b,x,x,o,o,x,b,o,x,Jogador X venceu,UCI,7
xxbobxoxo,x,x,b,o,b,x,o,x,o,Tem jogo,gerado,7
xoxboxxoo,x,o,x,b,o,x,x,o,o,Jogador O venceu,UCI,8
ooboxxoxx,o,o,b,o,x,x,o,x,x,Jogador O venceu,UCI,8
xxoboboxb,x,x,o,b,o,b,o,x,b,Jogador O venceu,UCI,6
xoboxoxbb,x,o,b,o,x,o,x,b,b,Tem jogo,gerado,6
oxxxoxboo,o,x,x,x,o,x,b,o,o,Jogador O venceu,UCI,8
bbxxxbooo,b,b,x,x,x,b,o,o,o,Jogador O venceu,UCI,6
xboxxbxoo,x,b,o,x,x,b,x,o,o,Jogador X venceu,UCI,7
oobxxbbxo,o,o,b,x,x,b,b,x,o,Tem jogo,gerado,6
bxbxxooxo,b,x,b,x,x,o,o,x,o,Jogador X venceu,UCI,7
xoboxobxx,x,o,b,o,x,o,b,x,x,Jogador X venceu,UCI,7
bxbbbbxoo,b,x,b,b,b,b,x,o,o,Tem jogo,gerado,4
bxbobxbox,b,x,b,o,b,x,b,o,x,Tem jogo,gerado,5
oobbxxxbb,o,o,b,b,x,x,x,b,b,Tem jogo,gerado,5
ooxbxoxxb,o,o,x,b,x,o,x,x,b,Jogador X venceu,UCI,7
oxoxoboxx,o,x,o,x,o,b,o,x,x,Jogador O venceu,UCI,8
xxooxxoxo,x,x,o,o,x,x,o,x,o,Jogador X venceu,UCI,9
xbboxbxob,x,b,b,o,x,b,x,o,b,Tem jogo,gerado,5
bxbxoxoob,b,x,b,x,o,x,o,o,b,Tem jogo,gerado,6
xboboxoxb,x,b,o,b,o,x,o,x,b,Jogador O venceu,UCI,6
oobboxxxx,o,o,b,b,o,x,x,x,x,Jogador X venceu,UCI,7
bbbxxooxb,b,b,b,x,x,o,o,x,b,Tem jogo,gerado,5
oxbbxbbox,o,x,b,b,x,b,b,o,x,Tem jogo,gerado,5
xobxxobox,x,o,b,x,x,o,b,o,x,Jogador X venceu,UCI,7
xbobxoxox,x,b,o,b,x,o,x,o,x,Jogador X venceu,UCI,7
xxoxooobx,x,x,o,x,o,o,o,b,x,Jogador O venceu,UCI,8
boxxoxxoo,b,o,x,x,o,x,x,o,o,Jogador O venceu,UCI,8
xxboooxxo,x,x,b,o,o,o,x,x,o,Jogador O venceu,UCI,8
oxxoxoobx,o,x,x,o,x,o,o,b,x,Jogador O venceu,UCI,8
xxoxbooxo,x,x,o,x,b,o,o,x,o,Jogador O venceu,UCI,8
bbxoxbxob,b,b,x,o,x,b,x,o,b,Jogador X venceu,UCI,5
oxxoxxxoo,o,x,x,o,x,x,x,o,o,Jogador X venceu,UCI,9
oxoxxoxbo,o,x,o,x,x,o,x,b,o,Jogador O venceu,UCI,8
oxxoxbbbo,o,x,x,o,x,b,b,b,o,Tem jogo,gerado,6
bxbxooxbo,b,x,b,x,o,o,x,b,o,Tem jogo,gerado,6
xoooxxxxo,x,o,o,o,x,x,x,x,o,Empate,UCI,9
bboxoxbox,b,b,o,x,o,x,b,o,x,Tem jogo,gerado,6
xbxbxoxoo,x,b,x,b,x,o,x,o,o,Jogador X venceu,UCI,7
boxoxxbbb,b,o,x,o,x,x,b,b,b,Tem jogo,gerado,5
obbxoxbxo,o,b,b,x,o,x,b,x,o,Jogador O venceu,UCI,6
xxoooxobx,x,x,o,o,o,x,o,b,x,Jogador O venceu,UCI,8
bxoxbooxx,b,x,o,x,b,o,o,x,x,Tem jogo,gerado,7
xooxoxxxo,x,o,o,x,o,x,x,x,o,Jogador X venceu,UCI,9
xxoxoooxb,x,x,o,x,o,o,o,x,b,Jogador O venceu,UCI,8
booxoxxox,b,o,o,x,o,x,x,o,x,Jogador O venceu,UCI,8
bxoxbobbb,b,x,o,x,b,o,b,b,b,Tem jogo,gerado,4
obbbbxxob,o,b,b,b,b,x,x,o,b,Tem jogo,gerado,4
oxbboxbxo,o,x,b,b,o,x,b,x,o,Jogador O venceu,UCI,6
xxooooxxb,x,x,o,o,o,o,x,x,b,Jogador O venceu,UCI,8
obbbxobxb,o,b,b,b,x,o,b,x,b,Tem jogo,gerado,4
obxooxbxx,o,b,x,o,o,x,b,x,x,Jogador X venceu,UCI,7
oboobxxxx,o,b,o,o,b,x,x,x,x,Jogador X venceu,UCI,7
bxbbxobox,b,x,b,b,x,o,b,o,x,Tem jogo,gerado,5
xobbxxoox,x,o,b,b,x,x,o,o,x,Jogador X venceu,UCI,7
xxxbbbboo,x,x,x,b,b,b,b,o,o,Jogador X venceu,UCI,5
oxbxobobx,o,x,b,x,o,b,o,b,x,Tem jogo,gerado,6
xxbbbooxo,x,x,b,b,b,o,o,x,o,Tem jogo,gerado,6
bbbbbbbbb,b,b,b,b,b,b,b,b,b,Tem jogo,gerado,0
xboxooxxb,x,b,o,x,o,o,x,x,b,Jogador X venceu,UCI,7
oxboxbobx,o,x,b,o,x,b,o,b,x,Jogador O venceu,UCI,6
xoxxboxob,x,o,x,x,b,o,x,o,b,Jogador X venceu,UCI,7
bxxxbbooo,b,x,x,x,b,b,o,o,o,Jogador O venceu,UCI,6
xxoxxooox,x,x,o,x,x,o,o,o,x,Jogador X venceu,UCI,9
xxobxobbo,x,x,o,b,x,o,b,b,o,Jogador O venceu,UCI,6
bxoxbxoox,b,x,o,x,b,x,o,o,x,Tem jogo,gerado,7
xxoooobxx,x,x,o,o,o,o,b,x,x,Jogador O venceu,UCI,8
boobxxbbb,b,o,o,b,x,x,b,b,b,Tem jogo,gerado,4
xxxbooxob,x,x,x,b,o,o,x,o,b,Jogador X venceu,UCI,7
xbxoooxbb,x,b,x,o,o,o,x,b,b,Jogador O venceu,UCI,6
oxxboxbbo,o,x,x,b,o,x,b,b,o,Jogador O venceu,UCI,6
boxoxbxbb,b,o,x,o,x,b,x,b,b,Jogador X venceu,UCI,5
bobbbbbxb,b,o,b,b,b,b,b,x,b,Tem jogo,gerado,2
oxxbxbxoo,o,x,x,b,x,b,x,o,o,Jogador X venceu,UCI,7
xboboxxbb,x,b,o,b,o,x,x,b,b,Tem jogo,gerado,5
ooobxxoxx,o,o,o,b,x,x,o,x,x,Jogador O venceu,UCI,8
boxoxoxxb,b,o,x,o,x,o,x,x,b,Jogador X venceu,UCI,7
oxoboxoxx,o,x,o,b,o,x,o,x,x,Jogador O venceu,UCI,8
xxbooobxb,x,x,b,o,o,o,b,x,b,Jogador O venceu,UCI,6
boxbbxobx,b,o,x,b,b,x,o,b,x,Jogador X venceu,UCI,5
bxooxxbob,b,x,o,o,x,x,b,o,b,Tem jogo,gerado,6
boxbooxxx,b,o,x,b,o,o,x,x,x,Jogador X venceu,UCI,7
oxxxxooox,o,x,x,x,x,o,o,o,x,Empate,UCI,9
xxooxxxoo,x,x,o,o,x,x,x,o,o,Empate,UCI,9
oxxoxxobo,o,x,x,o,x,x,o,b,o,Jogador O venceu,UCI,8
booxxoxox,b,o,o,x,x,o,x,o,x,Tem jogo,gerado,8
xxxxboboo,x,x,x,x,b,o,b,o,o,Jogador X venceu,UCI,7
bxobxobxb,b,x,o,b,x,o,b,x,b,Jogador X venceu,UCI,5
oxobbxbbx,o,x,o,b,b,x,b,b,x,Tem jogo,gerado,5
xbboooxbx,x,b,b,o,o,o,x,b,x,Jogador O venceu,UCI,6
oxxxoobxo,o,x,x,x,o,o,b,x,o,Jogador O venceu,UCI,8
bobbbbxxb,b,o,b,b,b,b,x,x,b,Tem jogo,gerado,3
xoboxbxbb,x,o,b,o,x,b,x,b,b,Tem jogo,gerado,5
xboxobbox,x,b,o,x,o,b,b,o,x,Tem jogo,gerado,6
boxboxxbb,b,o,x,b,o,x,x,b,b,Tem jogo,gerado,5
oxxoooxxb,o,x,x,o,o,o,x,x,b,Jogador O venceu,UCI,8
xooooxxxx,x,o,o,o,o,x,x,x,x,Jogador X venceu,UCI,9
xoxobxoxo,x,o,x,o,b,x,o,x,o,Tem jogo,gerado,8
xbooxxbox,x,b,o,o,x,x,b,o,x,Jogador X venceu,UCI,7
xbobbxoxo,x,b,o,b,b,x,o,x,o,Tem jogo,gerado,6
oxbooxoxx,o,x,b,o,o,x,o,x,x,Jogador O venceu,UCI,8
oxbbxboxb,o,x,b,b,x,b,o,x,b,Jogador X venceu,UCI,5
bxxoxooxb,b,x,x,o,x,o,o,x,b,Jogador X venceu,UCI,7
ooobbxxbx,o,o,o,b,b,x,x,b,x,Jogador O venceu,UCI,6
oxxoxbxob,o,x,x,o,x,b,x,o,b,Jogador X venceu,UCI,7
xobboxxbb,x,o,b,b,o,x,x,b,b,Tem jogo,gerado,5
oxxoxoxox,o,x,x,o,x,o,x,o,x,Jogador X venceu,UCI,9
obxxobxbo,o,b,x,x,o,b,x,b,o,Jogador O venceu,UCI,6
xbxoxxobo,x,b,x,o,x,x,o,b,o,Tem jogo,gerado,7
ooxoxxoxb,o,o,x,o,x,x,o,x,b,Jogador O venceu,UCI,8
bxoxxobbo,b,x,o,x,x,o,b,b,o,Jogador O venceu,UCI,6
obxoxboxb,o,b,x,o,x,b,o,x,b,Jogador O venceu,UCI,6
xxooxboxb,x,x,o,o,x,b,o,x,b,Jogador X venceu,UCI,7
bboxxoxbo,b,b,o,x,x,o,x,b,o,Jogador O venceu,UCI,6
obxxobbxb,o,b,x,x,o,b,b,x,b,Tem jogo,gerado,5
oooxxoxxb,o,o,o,x,x,o,x,x,b,Jogador O venceu,UCI,8
oxbxooxxo,o,x,b,x,o,o,x,x,o,Jogador O venceu,UCI,8
xobbbboxb,x,o,b,b,b,b,o,x,b,Tem jogo,gerado,4
oooxbxbbx,o,o,o,x,b,x,b,b,x,Jogador O venceu,UCI,6
obxbxoxbb,o,b,x,b,x,o,x,b,b,Jogador X venceu,UCI,5
bxooxxobx,b,x,o,o,x,x,o,b,x,Tem jogo,gerado,7
ooxxboxxo,o,o,x,x,b,o,x,x,o,Tem jogo,gerado,8
oxooxxxxo,o,x,o,o,x,x,x,x,o,Jogador X venceu,UCI,9
oxobbxbxo,o,x,o,b,b,x,b,x,o,Tem jogo,gerado,6
bxoxoxbox,b,x,o,x,o,x,b,o,x,Tem jogo,gerado,7
bboxxboox,b,b,o,x,x,b,o,o,x,Tem jogo,gerado,6
boxbxobbx,b,o,x,b,x,o,b,b,x,Tem jogo,gerado,5
obxoxbbxb,o,b,x,o,x,b,b,x,b,Tem jogo,gerado,5
obbboxbxb,o,b,b,b,o,x,b,x,b,Tem jogo,gerado,4
bxoboxoxb,b,x,o,b,o,x,o,x,b,Jogador O venceu,UCI,6
bobxbbbbb,b,o,b,x,b,b,b,b,b,Tem jogo,gerado,2
obxboxxbo,o,b,x,b,o,x,x,b,o,Jogador O venceu,UCI,6
ooxxxoxbb,o,o,x,x,x,o,x,b,b,Jogador X venceu,UCI,7
obxoxoxxb,o,b,x,o,x,o,x,x,b,Jogador X venceu,UCI,7
xxoboxoox,x,x,o,b,o,x,o,o,x,Jogador O venceu,UCI,8
obxbxxoox,o,b,x,b,x,x,o,o,x,Jogador X venceu,UCI,7
xbbobxbbo,x,b,b,o,b,x,b,b,o,Tem jogo,gerado,4
booxoxoxx,b,o,o,x,o,x,o,x,x,Jogador O venceu,UCI,8
boxobbbxx,b,o,x,o,b,b,b,x,x,Tem jogo,gerado,5
xxxxoboob,x,x,x,x,o,b,o,o,b,Jogador X venceu,UCI,7
oxobbbxbx,o,x,o,b,b,b,x,b,x,Tem jogo,gerado,5
bxxoxxooo,b,x,x,o,x,x,o,o,o,Jogador O venceu,UCI,8
bxxbxobob,b,x,x,b,x,o,b,o,b,Tem jogo,gerado,5
oxxboxoxo,o,x,x,b,o,x,o,x,o,Jogador O venceu,UCI,8
bobooxxxx,b,o,b,o,o,x,x,x,x,Jogador X venceu,UCI,7
bbxoxxxoo,b,b,x,o,x,x,x,o,o,Jogador X venceu,UCI,7
booxxxxob,b,o,o,x,x,x,x,o,b,Jogador X venceu,UCI,7
oxobxoxxb,o,x,o,b,x,o,x,x,b,Jogador X venceu,UCI,7
bxxoobxxo,b,x,x,o,o,b,x,x,o,Tem jogo,gerado,7
bxooxxbbo,b,x,o,o,x,x,b,b,o,Tem jogo,gerado,6
xxboxboxo,x,x,b,o,x,b,o,x,o,Jogador X venceu,UCI,7
ooobxxxox,o,o,o,b,x,x,x,o,x,Jogador O venceu,UCI,8
xoooxxbxo,x,o,o,o,x,x,b,x,o,Tem jogo,gerado,8
xxobobobx,x,x,o,b,o,b,o,b,x,Jogador O venceu,UCI,6
obbooxxxb,o,b,b,o,o,x,x,x,b,Tem jogo,gerado,6
xxoxxbooo,x,x,o,x,x,b,o,o,o,Jogador O venceu,UCI,8
xxxbobbbo,x,x,x,b,o,b,b,b,o,Jogador X venceu,UCI,5
xbobboxxo,x,b,o,b,b,o,x,x,o,Jogador O venceu,UCI,6
oxbbxoxbo,o,x,b,b,x,o,x,b,o,Tem jogo,gerado,6
bbbboxoxb,b,b,b,b,o,x,o,x,b,Tem jogo,gerado,4
xxxobooxb,x,x,x,o,b,o,o,x,b,Jogador X venceu,UCI,7
xxoobxbxo,x,x,o,o,b,x,b,x,o,Tem jogo,gerado,7
oxboxxobb,o,x,b,o,x,x,o,b,b,Jogador O venceu,UCI,6
bbxoxbxbo,b,b,x,o,x,b,x,b,o,Jogador X venceu,UCI,5
xbbxxoxoo,x,b,b,x,x,o,x,o,o,Jogador X venceu,UCI,7
xbbxbxooo,x,b,b,x,b,x,o,o,o,Jogador O venceu,UCI,6
bboboxbxx,b,b,o,b,o,x,b,x,x,Tem jogo,gerado,5
xxoboooxx,x,x,o,b,o,o,o,x,x,Jogador O venceu,UCI,8
bbxobbbox,b,b,x,o,b,b,b,o,x,Tem jogo,gerado,4
ooobxxxxo,o,o,o,b,x,x,x,x,o,Jogador O venceu,UCI,8
oxoxxooxx,o,x,o,x,x,o,o,x,x,Jogador X venceu,UCI,9
obxoxbobx,o,b,x,o,x,b,o,b,x,Jogador O venceu,UCI,6
boooxbxxx,b,o,o,o,x,b,x,x,x,Jogador X venceu,UCI,7
xoobxbbbx,x,o,o,b,x,b,b,b,x,Jogador X venceu,UCI,5
bxooxobbx,b,x,o,o,x,o,b,b,x,Tem jogo,gerado,6
bbxxboxbo,b,b,x,x,b,o,x,b,o,Tem jogo,gerado,5
bobxxxbob,b,o,b,x,x,x,b,o,b,Jogador X venceu,UCI,5
bxoxbxbob,b,x,o,x,b,x,b,o,b,Tem jogo,gerado,5
bbbxbobbx,b,b,b,x,b,o,b,b,x,Tem jogo,gerado,3
xoxxobbob,x,o,x,x,o,b,b,o,b,Jogador O venceu,UCI,6
boxxobbox,b,o,x,x,o,b,b,o,x,Jogador O venceu,UCI,6
xbxoxxooo,x,b,x,o,x,x,o,o,o,Jogador O venceu,UCI,8
bboxxobxb,b,b,o,x,x,o,b,x,b,Tem jogo,gerado,5
obxoxxbox,o,b,x,o,x,x,b,o,x,Jogador X venceu,UCI,7
xobbxobbx,x,o,b,b,x,o,b,b,x,Jogador X venceu,UCI,5
xobxoxoox,x,o,b,x,o,x,o,o,x,Jogador O venceu,UCI,8
bxbobxobx,b,x,b,o,b,x,o,b,x,Tem jogo,gerado,5
xoboxboxx,x,o,b,o,x,b,o,x,x,Jogador X venceu,UCI,7
xooxbxxob,x,o,o,x,b,x,x,o,b,Jogador X venceu,UCI,7
bboxoxbxo,b,b,o,x,o,x,b,x,o,Tem jogo,gerado,6
oobbxoxxx,o,o,b,b,x,o,x,x,x,Jogador X venceu,UCI,7
oxbooxxox,o,x,b,o,o,x,x,o,x,Tem jogo,gerado,8
oxbbxxbob,o,x,b,b,x,x,b,o,b,Tem jogo,gerado,5
oooxbxxxo,o,o,o,x,b,x,x,x,o,Jogador O venceu,UCI,8
xxbxooxob,x,x,b,x,o,o,x,o,b,Jogador X venceu,UCI,7
xxxoxoobb,x,x,x,o,x,o,o,b,b,Jogador X venceu,UCI,7
xbboxooxx,x,b,b,o,x,o,o,x,x,Jogador X venceu,UCI,7
xxbxoxooo,x,x,b,x,o,x,o,o,o,Jogador O venceu,UCI,8
oxoxoxbxo,o,x,o,x,o,x,b,x,o,Jogador O venceu,UCI,8
xooxoxoxb,x,o,o,x,o,x,o,x,b,Jogador O venceu,UCI,8
xoxoooxbx,x,o,x,o,o,o,x,b,x,Jogador O venceu,UCI,8
xxxbbooxo,x,x,x,b,b,o,o,x,o,Jogador X venceu,UCI,7
boxbbxbox,b,o,x,b,b,x,b,o,x,Jogador X venceu,UCI,5
boxbxbxbo,b,o,x,b,x,b,x,b,o,Jogador X venceu,UCI,5
bbbbbbxbo,b,b,b,b,b,b,x,b,o,Tem jogo,gerado,2
xxbbbxooo,x,x,b,b,b,x,o,o,o,Jogador O venceu,UCI,6
bxoxboxob,b,x,o,x,b,o,x,o,b,Tem jogo,gerado,6
oxbobboxx,o,x,b,o,b,b,o,x,x,Jogador O venceu,UCI,6
bxboooxbx,b,x,b,o,o,o,x,b,x,Jogador O venceu,UCI,6
oxxbxbbbo,o,x,x,b,x,b,b,b,o,Tem jogo,gerado,5
xobboxbox,x,o,b,b,o,x,b,o,x,Jogador O venceu,UCI,6
oxxbxboxo,o,x,x,b,x,b,o,x,o,Jogador X venceu,UCI,7
xooxxxoxo,x,o,o,x,x,x,o,x,o,Jogador X venceu,UCI,9
bxoxoxoxo,b,x,o,x,o,x,o,x,o,Jogador O venceu,UCI,8
oxxxooxbo,o,x,x,x,o,o,x,b,o,Jogador O venceu,UCI,8
bbboobxxb,b,b,b,o,o,b,x,x,b,Tem jogo,gerado,4
xxoxoobxo,x,x,o,x,o,o,b,x,o,Jogador O venceu,UCI,8
bbbbbxbox,b,b,b,b,b,x,b,o,x,Tem jogo,gerado,3
xxoooxxxo,x,x,o,o,o,x,x,x,o,Empate,UCI,9
xoxboxbbb,x,o,x,b,o,x,b,b,b,Tem jogo,gerado,5
oxxoxboox,o,x,x,o,x,b,o,o,x,Jogador O venceu,UCI,8
bxoxbobxo,b,x,o,x,b,o,b,x,o,Jogador O venceu,UCI,6
bbxoooxxb,b,b,x,o,o,o,x,x,b,Jogador O venceu,UCI,6
xbooxbxbo,x,b,o,o,x,b,x,b,o,Tem jogo,gerado,6
xxxbbobob,x,x,x,b,b,o,b,o,b,Jogador X venceu,UCI,5
bbbbboxox,b,b,b,b,b,o,x,o,x,Tem jogo,gerado,4
xobxxxobo,x,o,b,x,x,x,o,b,o,Jogador X venceu,UCI,7
oxxxoxobo,o,x,x,x,o,x,o,b,o,Jogador O venceu,UCI,8
xoxbxoxbo,x,o,x,b,x,o,x,b,o,Jogador X venceu,UCI,7
obxbbobxb,o,b,x,b,b,o,b,x,b,Tem jogo,gerado,4
bbxxoxoox,b,b,x,x,o,x,o,o,x,Jogador X venceu,UCI,7
xboxbbxbo,x,b,o,x,b,b,x,b,o,Jogador X venceu,UCI,5
obxbxbxbo,o,b,x,b,x,b,x,b,o,Jogador X venceu,UCI,5
bxxxoxobo,b,x,x,x,o,x,o,b,o,Tem jogo,gerado,7
boxbobxox,b,o,x,b,o,b,x,o,x,Jogador O venceu,UCI,6
obbxoxxbo,o,b,b,x,o,x,x,b,o,Jogador O venceu,UCI,6
xxxooboxb,x,x,x,o,o,b,o,x,b,Jogador X venceu,UCI,7
bxoxoxobb,b,x,o,x,o,x,o,b,b,Jogador O venceu,UCI,6
oxooxxxox,o,x,o,o,x,x,x,o,x,Empate,UCI,9
xbxoxboox,x,b,x,o,x,b,o,o,x,Jogador X venceu,UCI,7
ooxxbxbox,o,o,x,x,b,x,b,o,x,Jogador X venceu,UCI,7
oxboboxxx,o,x,b,o,b,o,x,x,x,Jogador X venceu,UCI,7
obxxxboxo,o,b,x,x,x,b,o,x,o,Tem jogo,gerado,7
xoxooxxxo,x,o,x,o,o,x,x,x,o,Empate,UCI,9
xoxobboxb,x,o,x,o,b,b,o,x,b,Tem jogo,gerado,6
xooxxxbob,x,o,o,x,x,x,b,o,b,Jogador X venceu,UCI,7
xoxoxbbox,x,o,x,o,x,b,b,o,x,Jogador X venceu,UCI,7
xoxbobbox,x,o,x,b,o,b,b,o,x,Jogador O venceu,UCI,6
bbbxxxboo,b,b,b,x,x,x,b,o,o,Jogador X venceu,UCI,5
oooxxoxbx,o,o,o,x,x,o,x,b,x,Jogador O venceu,UCI,8
xxobooxxo,x,x,o,b,o,o,x,x,o,Jogador O venceu,UCI,8
ooxboxbxx,o,o,x,b,o,x,b,x,x,Jogador X venceu,UCI,7
xboxbooxb,x,b,o,x,b,o,o,x,b,Tem jogo,gerado,6
xbooxoxbx,x,b,o,o,x,o,x,b,x,Jogador X venceu,UCI,7
obxoxbxxo,o,b,x,o,x,b,x,x,o,Jogador X venceu,UCI,7
bxxooobbx,b,x,x,o,o,o,b,b,x,Jogador O venceu,UCI,6
oxxoxobxb,o,x,x,o,x,o,b,x,b,Jogador X venceu,UCI,7
bobxxxbbo,b,o,b,x,x,x,b,b,o,Jogador X venceu,UCI,5
xoxboxbob,x,o,x,b,o,x,b,o,b,Jogador O venceu,UCI,6
xbxobxoob,x,b,x,o,b,x,o,o,b,Tem jogo,gerado,6
xooxxobbx,x,o,o,x,x,o,b,b,x,Jogador X venceu,UCI,7
xboxoooxx,x,b,o,x,o,o,o,x,x,Jogador O venceu,UCI,8
xoboxoxbx,x,o,b,o,x,o,x,b,x,Jogador X venceu,UCI,7
bboxoxbxb,b,b,o,x,o,x,b,x,b,Tem jogo,gerado,5
xxxbobxoo,x,x,x,b,o,b,x,o,o,Jogador X venceu,UCI,7
oooxbbxxb,o,o,o,x,b,b,x,x,b,Jogador O venceu,UCI,6
ooxxobxxo,o,o,x,x,o,b,x,x,o,Jogador O venceu,UCI,8
bbboxxobb,b,b,b,o,x,x,o,b,b,Tem jogo,gerado,4
boxxoxoxb,b,o,x,x,o,x,o,x,b,Tem jogo,gerado,7
xxobxxooo,x,x,o,b,x,x,o,o,o,Jogador O venceu,UCI,8
oxoxoxxox,o,x,o,x,o,x,x,o,x,Empate,UCI,9
ooxxxoobx,o,o,x,x,x,o,o,b,x,Tem jogo,gerado,8
xxxbboobb,x,x,x,b,b,o,o,b,b,Jogador X venceu,UCI,5
boobxobxx,b,o,o,b,x,o,b,x,x,Tem jogo,gerado,6
bobxxxoxo,b,o,b,x,x,x,o,x,o,Jogador X venceu,UCI,7
xxbxboxoo,x,x,b,x,b,o,x,o,o,Jogador X venceu,UCI,7
bbobbxobx,b,b,o,b,b,x,o,b,x,Tem jogo,gerado,4
bobboxxox,b,o,b,b,o,x,x,o,x,Jogador O venceu,UCI,6
oxbbobxxo,o,x,b,b,o,b,x,x,o,Jogador O venceu,UCI,6
bboxxxbbo,b,b,o,x,x,x,b,b,o,Jogador X venceu,UCI,5
boxobbxox,b,o,x,o,b,b,x,o,x,Tem jogo,gerado,6
xobboxxob,x,o,b,b,o,x,x,o,b,Jogador O venceu,UCI,6
bxobbxobx,b,x,o,b,b,x,o,b,x,Tem jogo,gerado,5
xoxxoxoxo,x,o,x,x,o,x,o,x,o,Empate,UCI,9
obxooxxxo,o,b,x,o,o,x,x,x,o,Jogador O venceu,UCI,8
xooxoxobx,x,o,o,x,o,x,o,b,x,Jogador O venceu,UCI,8
bbooxbxxo,b,b,o,o,x,b,x,x,o,Tem jogo,gerado,6
xobxxxboo,x,o,b,x,x,x,b,o,o,Jogador X venceu,UCI,7
obxboxbxo,o,b,x,b,o,x,b,x,o,Jogador O venceu,UCI,6
boxxooxbb,b,o,x,x,o,o,x,b,b,Tem jogo,gerado,6
xobooxxox,x,o,b,o,o,x,x,o,x,Jogador O venceu,UCI,8
oooxoxxbx,o,o,o,x,o,x,x,b,x,Jogador O venceu,UCI,8
xoboxbxox,x,o,b,o,x,b,x,o,x,Jogador X venceu,UCI,7
oobxobxxx,o,o,b,x,o,b,x,x,x,Jogador X venceu,UCI,7
xbbbxoobx,x,b,b,b,x,o,o,b,x,Jogador X venceu,UCI,5
ooxbxbxxo,o,o,x,b,x,b,x,x,o,Jogador X venceu,UCI,7
boxoboxxx,b,o,x,o,b,o,x,x,x,Jogador X venceu,UCI,7
xxxbobobb,x,x,x,b,o,b,o,b,b,Jogador X venceu,UCI,5
xbboobxbb,x,b,b,o,o,b,x,b,b,Tem jogo,gerado,4
xboxoboxb,x,b,o,x,o,b,o,x,b,Jogador O venceu,UCI,6
oxbobxobx,o,x,b,o,b,x,o,b,x,Jogador O venceu,UCI,6
obxbobbxx,o,b,x,b,o,b,b,x,x,Tem jogo,gerado,5
xxbbbobxo,x,x,b,b,b,o,b,x,o,Tem jogo,gerado,5
ooxxxobbx,o,o,x,x,x,o,b,b,x,Tem jogo,gerado,7
xbobxbbox,x,b,o,b,x,b,b,o,x,Jogador X venceu,UCI,5
ooxbbxbbx,o,o,x,b,b,x,b,b,x,Jogador X venceu,UCI,5
bboxxobxo,b,b,o,x,x,o,b,x,o,Jogador O venceu,UCI,6
xbxooooxx,x,b,x,o,o,o,o,x,x,Jogador O venceu,UCI,8
xxoxoboox,x,x,o,x,o,b,o,o,x,Jogador O venceu,UCI,8
bboxoxobx,b,b,o,x,o,x,o,b,x,Jogador O venceu,UCI,6
xooxbbbxo,x,o,o,x,b,b,b,x,o,Tem jogo,gerado,6
xoobobbxx,x,o,o,b,o,b,b,x,x,Tem jogo,gerado,6
xxbxobobb,x,x,b,x,o,b,o,b,b,Tem jogo,gerado,5
xxboxobbb,x,x,b,o,x,o,b,b,b,Tem jogo,gerado,5
xbooxbbbb,x,b,o,o,x,b,b,b,b,Tem jogo,gerado,4
oxooxoxxx,o,x,o,o,x,o,x,x,x,Jogador X venceu,UCI,9
